Title,Author,Read,Ratings,Location,Purchase Date,Genre/Category,Original Language,Purchase Price,Notes,Store
Netanyahu,Joshua Cohen,checked,5,Vishal,,,English,,,"Molasses Books, Brooklyn"
The Best of Me,David Sedaris,,,Anna,,,English,,,"WORD, Greenpoint, Brooklyn"
Logicomix,,checked,5,Vishal,,,,18,,T2F
My Struggle: Book 2,Karl Ove Knausgaard,checked,5,Vishal,,,Norwegian,14,2019?,Amazon
A Breath of Life,Clarice Lispector,checked,5,Vishal,,,Portuguese,12,,"Molasses Books, Brooklyn"
The Calculating Stars,Mary Robinette Kowal,checked,4,Vishal,,,English,13,2019?,Amazon
The Complete Short Stories,Clarice Lispector,,,Vishal,,,Portuguese,22,,"Human Relations, Brooklyn"
Less Than One: Selected Essays,Joseph Brodsky,,,Vishal,,,,18,,"Molasses Books, Brooklyn"
How to Change Your Mind,Michael Pollan,,,Vishal,,,English,12,,Amazon
 Água Viva,Clarice Lispector,,,Vishal,,,Portuguese,12,,"Molasses Books, Brooklyn"
Ministry of Utmost Happiness,Arundhati Roy,,,Vishal,"June 6, 2017",,English,19,Signed,
Haroun and the Sea of Stories,Salman Rushdie,,,Vishal,"September 16, 2017",,English,5,,"Vendor, Union Square"
Slowness,Milan Kundera,checked,4,Vishal,"September 16, 2017",,English,3,,"Vendor, Union Square"
My Struggle: Book 1,Karl Ove Knausgaard,checked,5,Vishal,"September 16, 2017",,Norwegian,5,,"Vendor, Union Square"
Johnny Panic and the Bible of Dreams,Sylvia Plath,,,Vishal,"September 16, 2017",,English,3,,Strand Central Park
Blindess,Jose Saramago,checked,5,Vishal,"September 16, 2017",,Portuguese,4,,"Vendor, Union Square"
Lincoln in the Bardo,George Saunders,,,Vishal,"October 14, 2017",,English,12,,Amazon Store 34th St.
Modern Romance,Aziz Ansari,,,Vishal,"October 14, 2017",,English,13,,Amazon Store 34th St.
What If?,Randall Munroe,,,Vishal,"October 14, 2017",,English,16,,Amazon Store 34th St.
No Matter The Wreckage,Sarah Kay,,,Vishal,"October 19, 2017",,English,0,Signed,Javeria Gifted
The Undoing Project,Michael Lewis,,,Vishal,"November 11, 2017",,English,10,,Amazon Store 34th St.
A Little Life,Hanya Yanagihara,checked,4,Vishal,"November 11, 2017",,English,13,,Amazon Store 34th St.
Quiet ,Susan Cain,checked,5,Vishal,"November 11, 2017",,English,10,,Amazon Store 34th St.
A Strangeness in my mind,Orhan Pamuk,,,Vishal,"November 13, 2017",,Turkish,14,Signed,Barnes & Noble
The Diary of a  Writer,Fyodor Dostoevsky,,,Vishal,"December 11, 2017",,Russian,4,,"Center for Fiction, NY"
Letters and Remniscence ,Fyodor Dostoevsky,,,Vishal,"December 11, 2017",,Russian,4,,"Center for Fiction, NY"
Letters,Fyodor Dostoevsky,,,Vishal,"December 11, 2017",,Russian,4,,"Center for Fiction, NY"
Aeneid,Virgil,,,Vishal,"December 11, 2017",,Latin,4,,"Center for Fiction, NY"
The Pale King,David Foster Wallace,,,Vishal,"December 18, 2017",,English,10,,"bookbook, 266 Bleecker"
Shalimar the Clown,Salman Rushdie,,,Vishal,"December 21, 2017",,English,4,,Housing Works
The Heart is a Lonely Hunter,Carson McCullers,checked,5,Vishal,"March 3, 2018",,English,12,,"Pegasus Books, Berkeley"
Infinite Jest,David Foster Wallace,,,Vishal,"March 3, 2018",,English,12,,"Pegasus Books, Berkeley"
Notebooks 1935-1951,Albert Camus,,,Vishal,"March 3, 2018",,French,12,,"Pegasus Books, Berkeley"
"Raise High the Roof Beam, Carpenters and Seymour",J.D. Salinger,,,Vishal,"April 29, 2018",,English,9,,"Pegasus Books, Berkeley"
All The Light We Cannot See,Anthony Doerr,checked,5,Vishal,"May 1, 2018",,English,10,,Amazon
The Sympathizer,Viet Thanh Nguyen,,,Vishal,"May 1, 2018",,English,11,,Amazon
Habibi,Craig Thompson,,,Vishal,"May 1, 2018",,English,23,,Amazon
The Sleepwalker's Guide to Dancing,Mira Jacobs,checked,4,Vishal,"May 7, 2018",,English,6,,"Pegasus Books, Berkeley"
A Beautiful Question,Frank Wilczek,,,Vishal,"May 8, 2018",,English,9,,"Moe's Bookstore, Berkeley"
Laughing Boy,Oliver LaFarge,,,Vishal,"June 7, 2018",,English,0,,Roadside
Cosmicomics,Italo Calvino,,,Vishal,"July 8, 2018",,Italian,10,,"Pegasus Books, Oakland"
When You Are Engulfed In Flames,David Sedaris,,,Vishal,"July 13, 2018",,English,8,,"Alexander Bookstore, SF"
Dress Your Family in Corduroy and Denim,David Sedaris,checked,4,Vishal,"July 13, 2018",,English,8,,"Alexander Bookstore, SF"
Flights,Olga Tokarczuk,,,Vishal,"September 28, 2018",,Polish,12,Signed,Amazon
Bad Blood,John Carreyrou,checked,5,Vishal,"October 4, 2018",,English,17,Signed,Amazon
Taking the Arrow Out of The Heart,Alice Walker,,,Vishal,"October 8, 2018",,English,17,Signed,Church in Berkeley
The Nightingale,Kristin Hannah,checked,3,Vishal,"October 25, 2018",,English,11,,"Pegasus Books, Berkeley"
The Castle,Franz Kafka,,,Vishal,"October 28, 2018",,German,4,,Berkeley Flea Market
The Rubaiyat of Omar Khayam,Omar Khayam,,,Vishal,"October 28, 2018",Poetry,Farsi,4,,Berkeley Flea Market
Midnight's Children,Salman Rushdie,,,Vishal,"October 28, 2018",,English,4,,Berkeley Flea Market
Remembrance of Things Past,Marcel Proust,,,Vishal,"October 28, 2018",,French,4,,Berkeley Flea Market
The Wisdom,Thich Nhat Hanh,,,Vishal,"October 28, 2018",,,4,,Berkeley Flea Market
Letters Summer 1926,,checked,5,Vishal,"November 5, 2018",,,17,,"Citylights, SF"
My Struggle: Book 3,Karl Ove Knausgaard,checked,4,Vishal,"January 4, 2019",,Norwegian,13,,Amazon
Figuring,Maria Popova,,,Vishal,"February 13, 2019",,English,18,,Amazon
Stoner,John Williams,checked,4,Vishal,"February 13, 2019",,English,12,,Amazon
Death with Interruptions,Jose Saramago,checked,4,Vishal,"March 4, 2019",,Portuguese,10,,Amazon
The Gene: An Intimate History,Siddhartha Mukherjee,checked,5,Vishal,"March 5, 2019",,English,14,,Amazon
Being Mortal,Atul Gawande,,,Vishal,"March 5, 2019",,English,12,,Amazon
My Struggle: Book 4,Karl Ove Knausgaard,checked,4,Vishal,"April 8, 2019",,Norwegian,,,Amazon
Austerlitz,W. G. Sebald,checked,5,Vishal,"May 25, 2019",,German,10,,"Strand, NYC"
My Struggle: Book 5,Karl Ove Knausgaard,checked,4,Vishal,"June 1, 2019",,Norwegian,18,,"Dog Eared Books, SF"
The Rings of Saturn,W. G. Sebald,,,Vishal,"June 3, 2019",,German,10,,Amazon
The Emigrants,W. G. Sebald,,,Vishal,"June 3, 2019",,German,10,,Amazon
Vertigo,W. G. Sebald,,,Vishal,"June 3, 2019",,German,10,,Amazon
Night Sky with Exit Wounds,Ocean Vuong,,,Vishal,"June 5, 2019",Poetry,English,15,,Amazon
The Overstory,Richard Powers,,,Vishal,"June 5, 2019",,English,12,,Amazon
The Complete Poems,Philip Larkin,,,Vishal,"June 10, 2019",Poetry,English,19,,Amazon
My Brilliant Friend,Elena Ferrante,checked,3,Vishal,"June 20, 2019",,Italian,10,,Amazon
A Gentleman in Moscow,Amor Towles,checked,5,Vishal,"July 13, 2019",,English,11,,Amazon
Satanic Verses,Salman Rushdie,,,Vishal,"September 1, 2019",,English,13,,Amazon
Shame,Salman Rushdie,,,Vishal,"September 1, 2019",,English,13,,Amazon
Less,Andrew Sean Greer,,,Vishal,"September 20, 2019",,English,17,Signed,"Congregational Church, Oakland"
My Struggle: Book 6,Karl Ove Knausgaard,checked,5,Vishal,"November 8, 2019",,Norwegian,20,,Amazon
Blow-Up : And Other Stories,Julio Cortázar,,,Vishal,"November 11, 2019",,Spanish,5,,Thriftbooks.com
Hopscotch,Julio Cortázar,,,Vishal,"November 11, 2019",,Spanish,7,,Thriftbooks.com
A Man Called Ove,Fredrik Backman,,,Vishal,"November 17, 2019",,Swedish,10,,Amazon
Loser,Thomas Bernhard,checked,5,Vishal,"December 16, 2019",,German,13,,Amazon
Good Talk: A Memoir in Conversations,Mira Jacobs,,,Vishal,"March 24, 2020",,English,14,,Amazon
At The Existentialist Cafe,Sarah Bakewell,,,Vishal,"March 26, 2020",,English,13,,Amazon
Birthday Letters: Poems,Ted Hughes,,,Vishal,"March 27, 2020",Poetry,English,11,,Amazon
Satantango,László Kraznahorkai,,,Vishal,"May 11, 2020",,Hungarian,14,,Amazon
How To Live: Or A Life of Montaigne,Sarah Bakewell,,,Vishal,"May 13, 2020",,English,13,,Amazon
Poems 1962-2012,Louise Glück,,,Vishal,"May 13, 2020",Poetry,English,16,,Amazon
How to Write an Autobiographical Novel: Essays,Alexander Chee,,,Vishal,"May 13, 2020",,English,13,,Amazon
The Underground Railroad,Colson Whitehead,,,Vishal,"May 15, 2020",,English,13,,Amazon
The Paper Menagerie and Other Stories,Ken Liu,,,Vishal,"May 15, 2020",,English,11,,Amazon
Diary,Witold Gombrowicz,,,Vishal,"May 20, 2020",,Polish,23,,Amazon
Hunger,Knut Hamsun,,,Vishal,"May 21, 2020",,Norwegian,13,,Amazon
Swann's Way,Marcel Proust,,,Vishal,"May 23, 2020",,French,12,,Amazon
Winter,Karl Ove Knausgaard,checked,4,Vishal,"May 25, 2020",,Norwegian,14,,Amazon
Spring,Karl Ove Knausgaard,checked,4,Vishal,"May 25, 2020",,Norwegian,12,,Amazon
Summer,Karl Ove Knausgaard,checked,4,Vishal,"May 25, 2020",,Norwegian,15,,Amazon
Autumn,Karl Ove Knausgaard,checked,5,Vishal,"May 25, 2020",,Norwegian,14,,Amazon
Journey to the End of the Night,Louis-Ferdinand Céline,checked,5,Vishal,"June 2, 2020",,French,14,,Amazon
Collected Poems,James Merrill,,,Vishal,"June 8, 2020",Poetry,English,15,,Amazon
White Fragility,Robin DiAngelo,,,Vishal,"July 5, 2020",,English,23,,"Con Libros, Brooklyn"
Me and white supremacy,Layla Saad,,,Vishal,"July 5, 2020",,English,23,,"Con Libros, Brooklyn"
"Complete Poems, 1904-1962",e e cummings,,,Vishal,"July 8, 2020",Poetry,English,30,,Amazon
Collected Poems,W. H. Auden,,,Vishal,"July 8, 2020",Poetry,English,26,,Amazon
Love's Executioner & Other Tales of Psychotherapy,Irvin Yalom,checked,4,Vishal,"July 10, 2020",,English,14,,Amazon
The Portable Dorothy Parker,Dorothy Parker,,,Vishal,"July 21, 2020",,English,18,,Amazon
Inadvertent (Why I Write),Karl Ove Knausgaard,,,Vishal,"August 9, 2020",,Norwegian,9,,Amazon
A Poetry Handbook,Mary Oliver,,,Vishal,"August 9, 2020",Poetry,English,9,,Amazon
The Complete Short Novels,Anton Chekhov,,,Vishal,"August 24, 2020",,Russian,15,,Amazon
The Emperor of All Maladies,Siddhartha Mukherjee,,,Vishal,"August 24, 2020",,English,14,,Amazon
The Savage Detectives,Roberto Bolano,,,Vishal,"September 13, 2020",,Spanish,12,,Amazon
Giovanni's Room,James Baldwin,checked,4,Vishal,"September 14, 2020",,English,10,,Amazon
The City in Which I Love You,Li-Young Lee,,,Vishal,"September 16, 2020",,English,10,,Amazon
Collected Fictions,Jorge Luis Borges,,,Vishal,"September 21, 2020",,Spanish,14,,Amazon
Pedro Paramo,Juan Rulfo,,,Vishal,"September 21, 2020",,Spanish,19,,Amazon
The Feast of the Goat,Mario Vargas Llosa,,,Vishal,"September 21, 2020",,Spanish,5,,Thriftbooks.com
Map - Collected and Last Poems,Wislawa Szymborska,,,Vishal,"September 26, 2020",Poetry,Polish,20,,"Greenlight, Brooklyn"
Duino Elegies and The Sonnets to Orpheus,Rainer Maria Rilke,,,Vishal,"September 26, 2020",Poetry,German,17,,"Greenlight, Brooklyn"
The Argonauts,Maggie Nelson,,,Vishal,"September 26, 2020",,English,16,,"Greenlight, Brooklyn"
Go Tell It On Mountain,James Baldwin,,,Vishal,"September 26, 2020",,English,16,,"Greenlight, Brooklyn"
The Essential W.S. Merwin,W.S. Merwin,,,Vishal,"September 26, 2020",Poetry,English,20,,"Greenlight, Brooklyn"
Nine Gates : Entering the Mind of Poetry,Jane Hirshfield,,,Vishal,"September 30, 2020",,English,9,,Thriftbooks.com
The Winged Seed : A Remembrance,Li-Young Lee,,,Vishal,"September 30, 2020",,English,5,,Thriftbooks.com
Chronicles : Volume One ,Bob Dylan,,,Vishal,"September 30, 2020",,English,5,,Thriftbooks.com
Our Lady of the FLowers,Jean Genet,,,Vishal,"October 24, 2020",,French,13,,Amazon
Rimbaud Complete Works,Arthur Rimbaud,,,Vishal,"November 3, 2020",,French,16,,"Alabaster, New York"
White Noise,Don DeLillo,,,Vishal,"November 3, 2020",,English,15,,"Alabaster, New York"
Slouching Towards Bethlehem,Joan Didion,checked,5,Vishal,"November 8, 2020",,English,7,,"Unnmaeable Books, Brooklyn"
Evolution of Desire - A Life of Rene Girard,Cynthia Haven,,,Vishal,"November 8, 2020",,English,15,,"Unnmaeable Books, Brooklyn"
On the Road,Jack Kerouac,,,Vishal,"November 8, 2020",,English,6,,"Unnmaeable Books, Brooklyn"
six nonlectures,e e cummings,,,Vishal,"November 8, 2020",,English,12,,"Unnmaeable Books, Brooklyn"
Fun Home,Alison Bechdel,,,Vishal,"November 8, 2020",,English,7,,"Unnmaeable Books, Brooklyn"
Life A User's Manual,Georges Perec,,,Vishal,"November 8, 2020",,French,12,,"Unnmaeable Books, Brooklyn"
The Year of Magical Thinking,Joan Didion,,,Vishal,"November 8, 2020",,English,7,,"Unnmaeable Books, Brooklyn"
Oblomov,Ivan Goncharov,,,Vishal,"November 21, 2020",,Russian,15,,Thriftbooks.com
The Bluest Eye ,Toni Morrison,,,Vishal,"December 16, 2020",,English,5,,Thriftbooks.com
Beloved,Toni Morrison,checked,5,Vishal,"December 16, 2020",,English,5,,Thriftbooks.com
The Book Thief,Markus Zusak,,,Vishal,"December 16, 2020",,English,5,,Thriftbooks.com
In Search of Memory : The Emergence of a New Science of Mind ,Eric R. Kandel,,,Vishal,"December 16, 2020",,English,4,,Thriftbooks.com
Wittgenstein's Mistress ,David Markson,,,Vishal,"December 16, 2020",,English,15,,Thriftbooks.com
Roland Barthes ,Roland Barthes,,,Vishal,"December 16, 2020",,French,6,,Thriftbooks.com
A Lover's Discourse : Fragments ,Roland Barthes,,,Vishal,"December 16, 2020",,French,14,,Thriftbooks.com
The Elementary Particles,Michel Houellebecq,checked,4,Vishal,"January 19, 2021",,French,10,,Thriftbooks.com
The Book of Diquiet,Fernando Pessoa,checked,,Vishal,"January 19, 2021",,Portuguese,18,,Thriftbooks.com
So Much Longing in So Little Space : The Art of Edvard Munch,Karl Ove Knausgaard,,,Vishal,"January 19, 2021",,Norwegian,10,,Thriftbooks.com
Death in Venice : And Seven Other Stories,Thomas Mann,,,Vishal,"January 19, 2021",,German,4,,Thriftbooks.com
Herzog,Saul Bellow,,,Vishal,"February 14, 2021",,English,4,,Thriftbooks.com
The Hummingbird's Daughter,Luis Alberto Urrea,,,Vishal,"February 14, 2021",,Spanish,4,,Thriftbooks.com
The Crying of Lot 49,Thomas Pynchon,,,Vishal,"February 14, 2021",,English,4,,Thriftbooks.com
The History of the Siege of Lisbon,Jose Saramago,,,Vishal,"February 14, 2021",,Portuguese,3,,Thriftbooks.com
The Melancholy Resistance,László Kraznahorkai,,,Vishal,"February 14, 2021",,Hungarian,19,,"Three Lives & Company, NY"
The Man Who Loved Only Numbers: The Story of Paul Erdos and the Search for Mathematical Truth ,Paul Hoffman,,,Vishal,"March 4, 2021",,English,7,,Thriftbooks.com
The Selected Prose of Fernando Pessoa,Fernando Pessoa,,,Vishal,"March 11, 2021",,Portuguese,15,,Strand
An Unquiet Mind,Kay Redfield Jamison,,,Vishal,"March 11, 2021",,English,2,,Strand
The Narrow Road to the Deep North,Richard Flanagan,,,Vishal,"March 11, 2021",,English,2,,Strand
Selected Essays,Montaigne,,,Vishal,"March 11, 2021",,French,6,,Strand
Peter Camenzind,Hermann Hesse,,,Vishal,"March 12, 2021",,German,8,,"Unnmaeable Books, Brooklyn"
Rules of Civility,Amor Towles,checked,,Vishal,"March 12, 2021",,English,19,,"Books Are Magic, Brooklyn"
If on a winter's night a traveler,Italo Calvino,,,Vishal,"March 12, 2021",,Italian,7,,"Unnmaeable Books, Brooklyn"
The Second Sex,Simone de Beauvoir,,,Vishal,"March 12, 2021",,French,10,,"Unnmaeable Books, Brooklyn"
Musicophilia : Tales of Music and the Brain,Oliver Sacks,,,Vishal,"March 17, 2021",,English,6,,Thriftbooks.com
Metaphors We Live By,"""George Lakoff, Mark Johnson""",,,Vishal,"March 17, 2021",,English,7,,Thriftbooks.com
The Tell-Tale Brain : A Neuroscientist's Quest for What Makes Us Human,V.S. Ramachandran,,,Vishal,"April 2, 2021",,English,8,,Thriftbooks.com
Dictionary of the Khazars (M) ,Milorad Pavić,,,Vishal,"April 6, 2021",,Serbian,6,,Thriftbooks.com
Autobiography of Red,Anne Carson,,,Vishal,"April 9, 2021",Poetry,English,11,,Amazon
Essays and Letters,Friedrich Holderlin,,,Vishal,"April 9, 2021",,German,6,,Amazon
The Birds,Tarjei Vesaas,,,Vishal,"April 9, 2021",,Norwegian,6,,Amazon
Death on the Installment Plan,Louis-Ferdinand Céline,,,Vishal,"April 9, 2021",,French,20,,Amazon
The Penguin Book of the Prose Poem: From Baudelaire to Anne Carson,Jeremy Noel-Tod,,,Vishal,"April 23, 2021",,English,19,,Amazon
I Will Judge You by Your Bookshelf ,Grant Snider,,,Vishal,"April 27, 2021",,English,15,,Thriftbooks.com
Year of the Death of Ricardo Reis ,Jose Saramago,,,Vishal,"May 1, 2021",,Portuguese,7,,Thriftbooks.com
A Time for Everything,Karl Ove Knausgaard,,,Vishal,"May 15, 2021",,Norwegian,10,,"Unnmaeable Books, Brooklyn"
Empty Words,Mario Levrero,,,Vishal,"May 15, 2021",,Spanish,18,,"Unnmaeable Books, Brooklyn"
The Hospital,Ahmed Bounani,,,Vishal,"May 15, 2021",,French,8,,"Unnmaeable Books, Brooklyn"
The Collected Stories of Lydia Davis,Lydia Davis,,,Vishal,"May 18, 2021",,English,12,,Thriftbooks.com
Letters to Milena,Franz Kafka,,,Vishal,"June 5, 2021",,German,7,,"Unnmaeable Books, Brooklyn"
The Hour of the Star,Clarice Lispector,checked,5,Vishal,"June 16, 2021",,Portuguese,6,,Thriftbooks.com
The Collected Stories,Grace Paley,,,Vishal,"June 16, 2021",,English,6,,Thriftbooks.com
"The Biggest Bluff : How I Learned to Pay Attention, Master the Odds, and Win ",Maria Konnikova,,,Vishal,"June 16, 2021",,English,15,,Thriftbooks.com
Eve out of her Ruins,Ananda Devi,,,Vishal,"June 20, 2021",,French,8,,"Unnmaeable Books, Brooklyn"
The Poetry of Thought,George Steiner,,,Vishal,"June 20, 2021",,English,8,,"Unnmaeable Books, Brooklyn"
The Hills Reply,Tarjei Vesaas,,,Vishal,"June 20, 2021",,Norwegian,7,,"Unnmaeable Books, Brooklyn"
The Letters of Sylvia Plath Volume 1: 1940-1956,Sylvia Plath,,,Vishal,"July 1, 2021",,English,30,,Amazon
The Letters of Sylvia Plath Vol 2: 1956-1963,Sylvia Plath,,,Vishal,"July 1, 2021",,English,15,,Amazon
A Tree Grows in Brooklyn,Betty Smith,,,Vishal,"July 8, 2021",,English,7,,Thriftbooks.com
2666 : A Novel,Roberto Bolano,,,Vishal,"August 3, 2021",,Spanish,11,,Thriftbooks.com
Just Kids,Patti Smith,,,Vishal,"August 3, 2021",,English,8,,Thriftbooks.com
Posthumous Memoirs of Bras Cubas,Machado De Assis,,,Vishal,"August 3, 2021",,Portuguese,11,,Thriftbooks.com
The Notebooks of Malte Laurids Brigge,Rainer Maria Rilke,,,Vishal,"September 8, 2021",,German,11,,"Dog Eared Books, SF"
The Last Wolf/ Herman,László Kraznahorkai,,,Vishal,"September 9, 2021",,Hungarian,12,,"Pegasus Books, Berkeley"
More than Cool Reason,"""George Lakoff, Mark Turner""",,,Vishal,"September 10, 2021",,English,10,,"Spectator Books, Oakland"
Nowhere Man,Aleksandar Hemon,,,Vishal,"September 10, 2021",,English,10,,"Spectator Books, Oakland"
Near to the Wild Heart,Clarice Lispector,checked,5,Vishal,"January 12, 2022",,Portuguese,16,Jan 2022?,"WORD, Greenpoint, Brooklyn"
The Vegetarian,Han Kang,checked,3,Vishal,"January 12, 2022",,Korean,16,Jan 2022?,"WORD, Greenpoint, Brooklyn"
The Passion According to G.H.,Clarice Lispector,,,Vishal,"April 14, 2022",,Portuguese,17,,"Book People, Austin"
Jimmy Blues and Other Poems,James Baldwin,,,Vishal,"May 27, 2022",Poetry,English,17,,"The Corner Bookstore, NY"
The Walk,Robert Walser,checked,4,Vishal,"June 2, 2022",,German,11,,Amazon
Select Stories,Robert Walser,,,Vishal,"June 2, 2022",,German,17,,Amazon
Agony,Mark Beyer,checked,5,Vishal,"June 3, 2022",,English,11,,"Desert Island Comics, Brooklyn"
The Collected Poems of Frank O'Hara,Frank O'Hara,,,Vishal,"June 4, 2022",Poetry,English,29,,"Shakespeare & Co., NY"
The Blind Owl,Sadegh Hedayat,checked,4,Vishal,"June 15, 2022",,Farsi,6,,Amazon
Different Hours,Stephen Dunn,,,Vishal,"June 20, 2022",Poetry,English,6,,Thriftbooks.com
New and Selected Poems 1974-1994,Stephen Dunn,,,Vishal,"June 20, 2022",Poetry,English,9,,Thriftbooks.com
The Festival of Insginificance,Milan Kundera,checked,3,Vishal,"August 18, 2022",,French,8,,"Zoink's, Toronto"
Notes from a Dead House,Fyodor Dostoevsky,,,Vishal,"August 21, 2022",,Russian,9,,"Doug Miller Books, Toronto"
Time of Gratitude,Gennady Aygi,,,Vishal,"August 31, 2022",,Russian,11,,"Molasses Books, Brooklyn"
Dark Elderberry Branch: Poems of Marina Tsvetaeva,Marina Tsvetaeva,,,Vishal,"September 5, 2022",Poetry,Russian,7,,"Molasses Books, Brooklyn"
Jacob's Ladder,Ludmila Ulitskaya,,,Vishal,"September 10, 2022",,Russian,13,,"Molasses Books, Brooklyn"
Self-Portrait in a Convex Mirror,John Ashbery,,,Vishal,"September 14, 2022",Poetry,English,9,,"Molasses Books, Brooklyn"
A Summer Day in the Company of Ghosts,Wang Yin,,,Vishal,"September 14, 2022",,Chinese,11,,"Molasses Books, Brooklyn"
After,Vivek Narayanan,,,Vishal,"September 14, 2022",Poetry,English,15,,"Molasses Books, Brooklyn"
Notes from the Air,John Ashbery,,,Vishal,"September 14, 2022",Poetry,English,13,,"Molasses Books, Brooklyn"
Poems,Anna Akhmatova,,,Vishal,"September 17, 2022",Poetry,Russian,10,,"Human Relations, Brooklyn"
The Door,Magda Szabo,,,Vishal,"September 17, 2022",,Hungarian,7,,Thriftbooks.com
Zeno's Conscience,Italo Svevo,checked,5,Nilesh,"September 17, 2022",,Italian,11,,Thriftbooks.com
If Beale Street Could Talk,James Baldwin,,,Vishal,"October 20, 2022",,English,7,,"BMV, Toronto"
The Moravian Night,Peter Handke,,,Nilesh,"October 30, 2022",,German,9,,"BMV, Toronto"
Encircling,Carl Frode Tiller,,,Nilesh,"November 3, 2022",,Norwegian,8,,"BMV, Toronto"
Inseparable,Simone de Beauvoir,,,Nilesh,"November 15, 2022",,French,9,,"BMV, Toronto"
The Death of Ivan Ilyich & Other Stories,Leo Tolstoy,,,Vishal,"November 19, 2022",,Russian,9,,"BMV, Toronto"
The Master and Margarita,Mikhail Bulgakov,,,Vishal,"November 19, 2022",,Russian,9,,"BMV, Toronto"
The Storyteller,Walter Benjamin,,,Vishal,"November 19, 2022",,German,11,,"Seeker's Books, Toronto"
Watermark,Joseph Brodsky,,,Vishal,"November 20, 2022",,English,5,,"ABC Bookstore, Toronto"
The Magic Barrel Stories,Bernard Malamud,,,Nilesh,"November 22, 2022",,English,7,,"BMV, Toronto"
The Fixer,Bernard Malamud,,,Nilesh,"November 22, 2022",,English,9,,"BMV, Toronto"
Cloud Cuckoo Land,Anthony Doerr,,,Vishal,"November 29, 2022",,English,20,,"Indigo, Toronto"
Selected Poems,Arvind Krishna Mehrotra,,,Vishal,"November 29, 2022",Poetry,English,18,Gifted it to Sadia,"Indigo, Toronto"
Selected Poems,Derek Walcott,,,Nilesh,"December 8, 2022",Poetry,Spanish,10,,"She Said Boom, Toronto"
Snow Country,Yasunari Kawabata,,,Vishal,"December 11, 2022",,Japanese,9,,"BMV, Toronto"
The Late Mattia Pascal,Luigi Pirandello,checked,,Vishal,"January 17, 2023",,Italian,19,,Amazon
"One, No One and One Hundred Thousand",Luigi Pirandello,checked,,Vishal,"January 17, 2023",,Italian,19,,Amazon
On Earth We're Briefly Gorgeous,Ocean Vuong,,,Vishal,"January 22, 2023",,English,12,,"leaves, Brooklyn"
Devotions,Mary Oliver,,,Vishal,"January 22, 2023",Poetry,English,25,,"WORD, Greenpoint, Brooklyn"
frank: sonnets,Diane Seuss,,,Vishal,"January 22, 2023",Poetry,English,15,,"WORD, Greenpoint, Brooklyn"
Steinbeck: A Life in Letters,John Steinbeck,,,Vishal,"January 25, 2023",,English,27,,Thriftbooks.com
Peter The Great's African Experiments in Prose,Alexander Pushkin,,,Vishal,"February 5, 2023",,Russian,7,,"Grey Matter Books, New Haven"
Honeymoon,Patrick Modiano,,,Vishal,"February 5, 2023",,French,7,,"Grey Matter Books, New Haven"
Sojourn,Amit Chaudhuri,,,Vishal,"February 5, 2023",,English,18,,"Atticus Bookstore, New Haven"
Human Wishes,Robert Hass,,,Vishal,"February 10, 2023",,English,5,,Thriftbooks.com
No Longer Human,Osamu Dazai,checked,4,Vishal,"February 10, 2023",,Japanese,15,,Thriftbooks.com
Emilio's Carnival,Italo Svevo,,,Vishal,"March 7, 2023",,Italian,11,,"Codex, NY"
The Hive,Camilo Jose Cela,,,Vishal,"March 7, 2023",,Spanish,12,,"Codex, NY"
A Captive Spirit,Marina Tsvetaeva,,,Vishal,"April 2, 2023",,Russian,14,,"Molasses Books, Brooklyn"
Together and by Ourselves,Alex Dimitrov,,,Vishal,"April 4, 2023",,English,18,,"McNally Jackson, New York"
Let Us Believe In The Beginning Of The Cold Season,Forough Farrokhzad,checked,5,Vishal,"April 4, 2023",,Farsi,18,,"McNally Jackson, New York"
The Book of Disquiet (Costa),Fernando Pessoa,,,Vishal,"April 8, 2023",,Portuguese,14,,"Book Thug Nation, Brooklyn"
A Tradition of Rupture,Alejandra Pizarnik,,,Vishal,"April 12, 2023",,Spanish,21,,Ugly Duckling Presse
"Essayism: On Form, Feeling, And Nonfiction",Brial Dillon,checked,5,Vishal,"April 23, 2023",,English,20,,"Flying Books, Toronto"
When Nietzsche Wept,Irvin Yalom,checked,4,Vishal,"April 27, 2023",,English,9,,"BMV, Toronto"
On Grief And Reason Essays,Joseph Brodsky,,,Nilesh,"May 6, 2023",,English,13,,"Sellers & Newel, Toronto"
All About Love,Bell Hooks,,,Vishal,"May 10, 2023",,English,20,,"Another Story Bookshop, Toronto"
The Poetics of Space,Gaston Bachelard,,,Vishal,"May 12, 2023",,French,12,,"Seeker's Books, Toronto"
"Deceit, Desire & the Novel",Rene Girard,,,Vishal,"May 12, 2023",,French,10,,"Seeker's Books, Toronto"
Happening,Annie Ernaux,checked,4,Vishal,"May 13, 2023",,French,16,,"Flying Books, Toronto"
The Morning Star,Karl Ove Knausgaard,,,Vishal,"May 16, 2023",,Norwegian,25,,"Type Books, Toronto"
And Other Stories,Georgi Gospodinov,checked,5,Vishal,"June 3, 2023",,Bulgarian,15,,"Unnmaeable Books, Brooklyn"
"Agathe, or the Forgotten Sister ",Robert Musil,,,Vishal,"June 3, 2023",,German,10,,"Unnmaeable Books, Brooklyn"
Mythologies,Roland Barthes,,,Vishal,"June 10, 2023",,French,8,,Thriftbooks.com
The Trouble with Being Born,Emil Cioran,,,Vishal,"June 10, 2023",,French,14,,Thriftbooks.com
Suppose a Sentence,Brial Dillon,,,Vishal,"June 10, 2023",,English,15,,Thriftbooks.com
The Night In Lisbon,Erich Maria Remarque,checked,4,Vishal,"June 10, 2023",,German,9,,"Human Relations, Brooklyn"
The Broken Estate: Essays on Literature and Belief,James Wood,,,Vishal,"June 15, 2023",,English,7,,Thriftbooks.com
Poems of Nazim Hikmet,Nazim Hikmet,,,Vishal,"June 15, 2023",Poetry,Turkish,7,,Thriftbooks.com
In Other Words,Jhumpa Lahiri,,,Vishal,"June 15, 2023",,Italian,7,,Thriftbooks.com
Little Snow Landscape,Robert Walser,,,Vishal,"June 17, 2023",,German,13,,"Molasses Books, Brooklyn"
The Seven Madmen,Roberto Arlt,,,Vishal,"June 18, 2023",,Spanish,13,,"Molasses Books, Brooklyn"
Miserable Miracle,Henri Michaux,,,Vishal,"June 25, 2023",,French,13,,"Molasses Books, Brooklyn"
Affinities,Brial Dillon,,,Vishal,"July 5, 2023",,English,12,,nyrb.com
Finding The Raga,Amit Chaudhuri,,,Vishal,"July 5, 2023",,English,11,,nyrb.com
The Interior Landscape,A.K. Ramanujan,,,Vishal,"July 5, 2023",,Tamil,10,,nyrb.com
Selected Poems,Arvind Krishna Mehrotra,,,Vishal,"July 5, 2023",Poetry,English,11,,nyrb.com
A Dictionary of Symbols ,J.E. Cirlot,,,Vishal,"July 5, 2023",,English,21,,nyrb.com
Shantytown,Cesar Aira,checked,5,Vishal,"July 6, 2023",,Spanish,,Gifted by Seema (Fiza's Friend),
An Episode in the Life of a Landscape Painter,Cesar Aira,checked,5,Vishal,"July 6, 2023",,Spanish,,Gifted by Seema (Fiza's Friend),
Where the Stress Falls,Susan Sontag,,,Vishal,"July 9, 2023",,English,12,,"Book Thug Nation, Brooklyn"
On Writing,Henry Miller,,,Vishal,"July 9, 2023",,English,10,,"Molasses Books, Brooklyn"
Cruel Optimism,Lauren Berlant,,,Vishal,"July 9, 2023",,English,12,,"Molasses Books, Brooklyn"
Then The War,Carl Phillips,,,Vishal,"July 9, 2023",,English,,Gifted by Fiza,"McNally Jackson, New York"
Voices In The Evening,Natalia Ginzburg,checked,5,Nilesh,"August 4, 2023",,Italian,18,,"Flying Books, Toronto"
"Happiness, as Such",Natalia Ginzburg,checked,4,Vishal,"August 4, 2023",,Italian,18,,"Flying Books, Toronto"
The End Of Eddy,Edouard Louis,,,Vishal,"August 4, 2023",,French,19,,"Flying Books, Toronto"
A Small Place,Jamaica Kincaid,,,Vishal,"August 4, 2023",,English,5,,"Sellers & Newel, Toronto"
Among Women Only,Cesare Pavese,,,Vishal,"August 4, 2023",,Italian,9,,"Sellers & Newel, Toronto"
On the Edge of Reason,Miroslav Krleža,checked,5,Nilesh,"August 5, 2023",,Croation,21,,"Type Books, Toronto"
my life and my life in the nineties,Lyn Hejinian,,,Vishal,"August 8, 2023",Poetry,English,0,,"Seeker's Books, Toronto"
The Summing Up,W. Somerset Maugham,,,Vishal,"August 14, 2023",,English,3,,"Seeker's Books, Toronto"
Stream System,Gerald Murnane,,,Nilesh,"August 14, 2023",,English,8,,"Seeker's Books, Toronto"
Little Birds Erotica,Anaïs Nin,,,Vishal,"August 14, 2023",,English,7,,"Seeker's Books, Toronto"
Pilgrim at Tinker Creek,Annie Dillard,,,Vishal,"August 19, 2023",,English,9,,"BMV, Toronto"
Camera Lucida,Roland Barthes,,,Vishal,"August 26, 2023",,French,10,,"BMV, Toronto"
Languages of Truth,Salman Rushdie,,,Vishal,"August 26, 2023",,English,4,,"BMV, Toronto"
A Matter of Death And Life,Irvin Yalom,checked,5,Vishal,"August 26, 2023",,English,6,,"BMV, Toronto"
Train Dreams,Denis Johnson,checked,3,Vishal,"August 29, 2023",,English,0,Gifted by Diana,
Monday Or Tuesday,Virginia Woolf,,,Vishal,"August 29, 2023",,English,0,Gifted by Diana,
Poet In New York,Lorca,,,Nilesh,"September 2, 2023",Poetry,Spanish,7,,"Seeker's Books, Toronto"
An Apprenticeship Or The Book of Pleasures,Clarice Lispector,,,Vishal,"September 6, 2023",,Portuguese,20,,"Queen Books, Toronto"
The Carrying,Ada Limon,,,Vishal,"September 6, 2023",Poetry,English,20,,"Queen Books, Toronto"
How I Became A Nun,Cesar Aira,checked,3,Vishal,"September 6, 2023",,Spanish,15,,"Queen Books, Toronto"
Itinerary,Octavio Paz,,,Vishal,"September 7, 2023",Poetry,Spanish,9,,"Seeker's Books, Toronto"
Candide,Voltaire,,,Vishal,"September 7, 2023",,French,3,,"Seeker's Books, Toronto"
Loveless Love,Luigi Pirandello,,,Vishal,"September 29, 2023",,Italian,9,,"Molasses Books, Brooklyn"
Target in the Night,Ricardo Piglia,,,Vishal,"September 29, 2023",,Spanish,9,,"Molasses Books, Brooklyn"
"Katschen, The Book of Joseph",Yoel Hoffman,,,Vishal,"September 29, 2023",,,9,,"Molasses Books, Brooklyn"
Ferdydurke,Witold Gombrowicz,,,Vishal,"September 29, 2023",,Polish,12,,"Molasses Books, Brooklyn"
In the Land of the Cyclops,Karl Ove Knausgaard,,,Vishal,"September 29, 2023",,Norwegian,14,,"Molasses Books, Brooklyn"
The Complete Works of Alberto Caeiro,Fernando Pessoa,,,Vishal,"September 29, 2023",Poetry,Portuguese,16,,"Molasses Books, Brooklyn"
Marshlands,Andre Gide,,,Vishal,"October 1, 2023",,French,12,,"Molasses Books, Brooklyn"
Roman Stories,Jhumpa Lahiri,,,Vishal,"October 10, 2023",,English,20,Signed,"Rizzoli Bookstore, New York"
"Glass, Irony & God",Anne Carson,,,Vishal,"October 12, 2023",Poetry,Italian,17,,"Three Lives & Company, NY"
The Dry Heart,Natalia Ginzburg,checked,5,Vishal,"October 12, 2023",,Italian,14,,"Three Lives & Company, NY"
Absence,Peter Handke,,,Vishal,"October 14, 2023",,German,10,,"Molasses Books, Brooklyn"
Old Possum's Book of Practical Cats,T. S. Eliot,,,Vishal,"October 14, 2023",Poetry,English,9,,"Molasses Books, Brooklyn"
The Emperor of Water Clocks,Yusef Komunyakaa,,,Vishal,"October 22, 2023",,English,12,,"Molasses Books, Brooklyn"
"Letters to Friends, Family, and Editors",Franz Kafka,,,Vishal,"October 22, 2023",,German,16,,"Molasses Books, Brooklyn"
"Selected Poems, 1968-1996",Joseph Brodsky,,,Vishal,"October 22, 2023",Poetry,English,14,,"Molasses Books, Brooklyn"
The Seamstress and the Wind,Cesar Aira,checked,4,Vishal,"October 22, 2023",,Spanish,8,,"Molasses Books, Brooklyn"
The Apple in the Dark,Clarice Lispector,,,Vishal,"November 2, 2023",,Portuguese,22,,"Community Bookstore, Brooklyn"
The Song Of The Cell,Siddhartha Mukherjee,,,Vishal,"November 2, 2023",,English,22,,"Community Bookstore, Brooklyn"
Albert Angelo,B. S. Johnson,,,Vishal,"November 14, 2023",,English,10,,"Unnmaeable Books, Brooklyn"
Fulgentius,Cesar Aira,,,Vishal,"November 14, 2023",,Spanish,9,,"Unnmaeable Books, Brooklyn"
Artforum,Cesar Aira,,,Vishal,"November 14, 2023",,Spanish,8,,"Unnmaeable Books, Brooklyn"
North,Louis-Ferdinand Céline,,,Vishal,"November 14, 2023",,French,16,,"Unnmaeable Books, Brooklyn"
Varamo,Cesar Aira,,,Vishal,"November 19, 2023",,Spanish,14,,"Alabaster, New York"
Dona Flor And Her Two Husbands,Jorge Amado,,,Vishal,"November 19, 2023",,Portuguese,15,,"Alabaster, New York"
"Gabriela, Clove And Cinnamon",Jorge Amado,,,Vishal,"November 19, 2023",,Portuguese,15,,"Alabaster, New York"
Ledger,Jane Hirshfield,,,Vishal,"November 19, 2023",,English,19,,"Three Lives & Company, NY"
Seiobo There Below,László Kraznahorkai,,,Vishal,"November 19, 2023",,Hungarian,19,,"Strand, NYC"
The Ratcatcher,Marina Tsvetaeva,,,Vishal,"November 22, 2023",Poetry,Russian,16,,"Human Relations, Brooklyn"
Oxota: A Short Russian Novel,Lyn Hejinian,,,Vishal,"November 22, 2023",,English,32,,"Human Relations, Brooklyn"
Too Loud A Solitude,Bohumil Hrabal,,,Vishal,"November 26, 2023",,Czech,11,,"Molasses Books, Brooklyn"
The Miracle Cures of Dr. Aira,Cesar Aira,,,Vishal,"November 26, 2023",,Spanish,10,,"Molasses Books, Brooklyn"
Why This World: A Biography of Clarice Lispector,Benjamin Moser,,,Vishal,"November 29, 2023",,English,20,,Amazon
Christie Malry's Own Double Entry,B. S. Johnson,checked,4,Vishal,"November 29, 2023",,English,15,,Amazon
Sin,Forough Farrokhzad,,,Vishal,"December 9, 2023",,Farsi,19,,"McNally Jackson, New York"
The Schopenhauer Cure,Irvin Yalom,,,Vishal,"January 24, 2024",,English,9,,"BMV, Toronto"
Etymologicon,Mark Forsyth,,,Vishal,"January 24, 2024",,English,8,,"Seeker's Books, Toronto"
Septology,John Fosse,,,Vishal,"February 5, 2024",,Norwegian,26,,"Flying Books, Toronto"
A Tree Within,Octavio Paz,,,Vishal,"February 10, 2024",Poetry,Spanish,14,,"Seeker's Books, Toronto"
The Trouble With Happiness,Tove Ditlevsen,,,Vishal,"February 10, 2024",,Danish,6,,"BMV, Toronto"
The Art of Daring,Carl Phillips,,,Vishal,"February 20, 2024",Essays,English,7,,"Seeker's Books, Toronto"
Pereira Maintains A Testimony,Antonio Tabucchi,,,Vishal,"February 20, 2024",,Italian,10,,"Seeker's Books, Toronto"
The Bedbug and Selected Poetry,Vladimir Mayakovsky,,,Vishal,"March 1, 2024",Poetry,Russian,14,,"Troubled Sleep, Brooklyn"
Barely Patch,Gerald Murnane,,,Vishal,"March 1, 2024",,English,14,,"Troubled Sleep, Brooklyn"
The Devil in the Hills,Cesare Pavese,,,Vishal,"March 1, 2024",,Italian,16,,"Troubled Sleep, Brooklyn"
The Collected Poems: 1925-1977,Eugenio Montale,,,Vishal,"March 6, 2024",Poetry,Italian,22,,Amazon
An Elemental Thing,Eliot Weinberger,checked,,Vishal,"March 6, 2024",,English,20,,Amazon
The Insufferable Gaucho,Roberto Bolano,,,Vishal,"March 15, 2024",,Spanish,20,,"Molasses Books, Brooklyn"
Jejuri,Arun Kolatkar,,,Vishal,"March 19, 2024",Poetry,English,11,,"Molasses Books, Brooklyn"
James,Percival Everett,,,Vishal,"March 20, 2024",,English,30,,"P&T Knitwear, NY"
The Literary Conference,Cesar Aira,,,Vishal,"March 20, 2024",,Spanish,,Gifted by Seema (Fiza's Friend),
The Diaries of Emilio Renzi,Ricardo Piglia,,,Vishal,"March 23, 2024",,Spanish,12,,"Unnmaeable Books, Brooklyn"
Moods,Yoel Hoffman,,,Vishal,"March 23, 2024",,English,8,,"Unnmaeable Books, Brooklyn"
Acrobat,Nabaneeta Dev Sen,,,Vishal,"March 24, 2024",Poetry,Bengali,9,,"Better Read Than Dead Books, Brooklyn"
Journal 1887 - 1910,Jules Renard,,,Vishal,"May 19, 2024",,French,13,,"Molasses Books, Brooklyn"
The Chandelier,Clarice Lispector,,,Vishal,"May 29, 2024",,Portuguese,13,,"Molasses Books, Brooklyn"
Castle to Castle,Louis-Ferdinand Céline,,,Vishal,"May 30, 2024",,French,12,,"Human Relations, Brooklyn"
Lanark,Alasdair Gray,,,Vishal,"May 30, 2024",,English,15,,"Human Relations, Brooklyn"
The Illogic of Kassel,Enrique Vila-Matas,,,Vishal,"May 30, 2024",,Spanish,12,,"Human Relations, Brooklyn"
The Physics of Sorrow,Georgi Gospodinov,checked,,Vishal,"June 5, 2024",,Bulgarian,16,,Amazon
Concrete,Thomas Bernhard,checked,4,Diana,"July 15, 2024",,English,15,,"leaves, Brooklyn"
self-portrait in the zone of silence,Homero Aridijis,,,Vishal,"August 5, 2024",,Spanish,20,,"Flying Books, Toronto"
Being Reflected Upon,Alice Notley,,,Nilesh,"August 5, 2024",Poetry,English,20,,"Flying Books, Toronto"
Sweet Days of Discipline,Fleur Jaeggy,checked,3,Nilesh,"August 10, 2024",,English,15,,"Queen Books, Toronto"
The Hurting Kind,Ada Limon,,,Nilesh,"August 13, 2024",Poetry,English,10,,"Seeker's Books, Toronto"
I Want to Keep Smashing Myself Until I Am Whole,Elias Canetti,,,Vishal,"September 5, 2024",,English,10,,"BMV, Toronto"
Master of the Eclipse,Etel Adnan,,,Vishal,"September 10, 2024",,English,16,,"Type Books, Toronto"
Works on Paper,Eliot Weinberger,,,Vishal,"October 3, 2024",Essays,English,13,,"Molasses Books, Brooklyn"
Human Acts,Han Kang,checked,4,Vishal,"October 31, 2024",,Korean,19,,"Books Are Magic, Brooklyn"
Time Shelter,Georgi Gospodinov,,,Vishal,"October 31, 2024",,Bulgarian,19,,"Books Are Magic, Brooklyn"
Fog,Miguel De Unamuno,,,Vishal,"November 5, 2024",,Spanish,22,,Amazon
A Heart So White,Javier Marías,checked,5,Vishal,"November 7, 2024",,Spanish,10,,Thriftbooks.com
The Complete Works of Alvaro De Campos,Fernando Pessoa,,,Vishal,"November 10, 2024",Poetry,Portuguese,16,,"Molasses Books, Brooklyn"
The Wolves Of Eternity,Karl Ove Knausgaard,,,Vishal,"November 12, 2024",,Norwegian,24,,"WORD, Greenpoint, Brooklyn"
On Writing,Jorge Luis Borges,,,Vishal,"November 17, 2024",,Spanish,10,,"leaves, Brooklyn"
Corrections,Thomas Bernhard,,,Vishal,"November 17, 2024",,German,17,,"leaves, Brooklyn"
Envy,Yuri Olesha,,,Vishal,"November 30, 2024",,Russian,7,,"Grey Matter Books, New Haven"
Your Face Tomorrow: Dance and Dream,Javier Marías,checked,4,Taimour,"December 1, 2024",,Spanish,10,,Thriftbooks.com
Your Face Tomorrow: Fever and Spear,Javier Marías,checked,5,Vishal,"December 1, 2024",,Spanish,11,,Thriftbooks.com
"Your Face Tomorrow: Poison, Shadow, and Farewell",Javier Marías,,,Vishal,"December 1, 2024",,Spanish,12,,Thriftbooks.com
Herscht 07769,László Kraznahorkai,,,Vishal,"December 9, 2024",,Hungarian,19,,"192Books, NY"
The World Goes on,László Kraznahorkai,,,Vishal,"December 9, 2024",,Hungarian,20,,"192Books, NY"
Tomb of Sand,Geetanjali Shree,,,Vishal,"December 14, 2024",,Hindi,13,,Thriftbooks.com
Thus Bad Begins,Javier Marías,,,Vishal,"December 16, 2024",,Spanish,15,,Thriftbooks.com
Requiem: A Hallucination,Antonio Tabucchi,,,Vishal,"March 2, 2025",,Portuguese,12,,"Book Thug Nation, Brooklyn"
The Tanners,Robert Walser,,,Vishal,"March 2, 2025",,German,10,,"Book Thug Nation, Brooklyn"
The God Of Small Things,Arundhati Roy,,,Vishal,"March 7, 2025",,English,,,
On Women,Susan Sontag,,,Vishal,"March 7, 2025",,English,,Kudrat's Farewell,
On Freedom,Maggie Nelson,,,Vishal,"March 7, 2025",,English,,Kudrat's Farewell,
Out of Place,Edward W.Said,,,Vishal,"March 7, 2025",,English,,Kudrat's Farewell,
Metamorphosis and Other Stories,Franz Kafka,,,Vishal,"March 7, 2025",,English,,Kudrat's Farewell,
Transparent Things,Vladimir Nabokov,,,Vishal,"March 7, 2025",,English,,Kudrat's Farewell,
Outline,Rachel Cusk,,,Vishal,"March 7, 2025",,English,,Kudrat's Farewell,
The Unbearable Lightness of Being,Milan Kundera,,,Vishal,"March 7, 2025",,English,,Kudrat's Farewell,
A Room of One's Own,Virginia Woolf,,,Vishal,"March 7, 2025",,English,,Kudrat's Farewell,
[...],Fady Joudah,,,Vishal,"March 16, 2025",Poetry,English,16,,"Possible Futures, New Haven"
The Notebook,Jose Saramago,,,Vishal,"March 24, 2025",,Portuguese,10,,"Unnmaeable Books, Brooklyn"
antipoems: new and selected,Nicanor Parra,,,Vishal,"March 24, 2025",Poetry,Spanish,19,,"Unnmaeable Books, Brooklyn"
Antipoems: How to look better & feel great,Nicanor Parra,,,Vishal,"March 24, 2025",Poetry,Spanish,19,,"Unnmaeable Books, Brooklyn"
Stridentist Poems,Manuel Maples Arca,,,Vishal,"March 24, 2025",Poetry,Spanish,15,,"Unnmaeable Books, Brooklyn"
Yesterday,Juan Emar,checked,4,Vishal,"March 24, 2025",,Spanish,10,,"Unnmaeable Books, Brooklyn"
Perfection,Vincenzo Latronico,checked,5,Vishal,"April 20, 2025",,Italian,18,Signed,"Community Bookstore, Brooklyn"
Friend of My Youth,Amit Chaudhuri,,,Vishal,"April 30, 2025",,English,12,,"Molasses Books, Brooklyn"
World Beat ,,,,Vishal,"April 30, 2025",Poetry,English,10,,"Molasses Books, Brooklyn"
On The Line,Joseph Ponthus,,,Vishal,"May 5, 2025",,French,11,,Thriftbooks.com
Ten,Juan Emar,,,Vishal,"May 5, 2025",,Spanish,12,,Thriftbooks.com
Poems of Fernando Pessoa,Fernando Pessoa,,,Vishal,"June 3, 2025",Poetry,English,15,,"leaves, Brooklyn"
Begging For It,Alex Dimitrov,,,Vishal,"June 5, 2025",Poetry,English,9,,"The Word Is Change, Brooklyn"
Sidewalks,Valeria Luiselli,,,Vishal,"June 5, 2025",,Spanish,9,,"The Word Is Change, Brooklyn"
Tell Me How It Ends,Valeria Luiselli,,,Vishal,"June 5, 2025",,Spanish,10,,"The Word Is Change, Brooklyn"
Cold Nights of Childhood,Tezer Ozlu,checked,4,Vishal,"June 11, 2025",,Turkish,16,,Amazon
Journey to the Edge of Life,Tezer Ozlu,checked,5,Vishal,"June 11, 2025",,Turkish,20,,Amazon
Diary Of A Wave Outside The Sea,Dunya Mikhail,,,Vishal,"July 4, 2025",,Arabic,13,,"Molasses Books, Brooklyn"
Selected Cronicas,Clarice Lispector,,,Vishal,"July 4, 2025",,Portuguese,12,,"Molasses Books, Brooklyn"
Love's Work,Gillian Rose,,,Vishal,"July 4, 2025",,English,11,,"Molasses Books, Brooklyn"
The Moon And The Bonfires,Cesare Pavese,,,Vishal,"July 4, 2025",,Italian,13,,"Molasses Books, Brooklyn"
On The Calculation Of Volume,Solvej Balle,,,Vishal,"July 5, 2025",,Danish,18,,"Three Lives & Company, NY"
Montano's Malady,Enrique Vila-Matas,,,Vishal,"July 5, 2025",,Spanish,19,,"Three Lives & Company, NY"
A Perfect Hoax,Italo Svevo,,,Vishal,"July 19, 2025",,Italian,26,,"Alabaster, New York"
Telegrams of the Soul,Peter Altenberg,,,Vishal,"July 21, 2025",,German,11,,"Molasses Books, Brooklyn"
City of Memory,Jose Emilio Pacheco,,,Vishal,"September 13, 2025",,Spanish,23,,"Dog Eared Books, SF"
The Eternal Dice: Selected Poems,Cesar Vallejo,,,Vishal,"September 13, 2025",,Spanish,20,,"Dog Eared Books, SF"
My Friends,Hisham Matar,checked,5,Vishal,"September 13, 2025",,English,19,,"Walden Pond Books, Oakland"
Berg,Ann Quinn,,,Vishal,"September 29, 2025",,English,16,,"Alienated Majesty Books, Austin"
We Are Green And Trembling,Gabriela Cabezon Camara,,,Vishal,"October 21, 2025",,English,17,Signed,"Rizzoli Bookstore, New York"
Return,Hisham Matar,checked,5,Vishal,"October 19, 2025",,English,15,,Amazon
Ways of Going Home,Alejandro Zambra,,,Vishal,"November 1, 2025",,Spanish,8,,"Troubled Sleep, Brooklyn"
A Brief History of Portable Literature,Enrique Vila-Matas,,,Vishal,"November 1, 2025",,English,11,,"Troubled Sleep, Brooklyn"
Paradais,Fernanda Melchor,,,Vishal,"November 1, 2025",,Spanish,12,,"Troubled Sleep, Brooklyn"
The Moon And Sixpence,W. Somerset Maugham,,,Vishal,"November 1, 2025",,English,9,,"Troubled Sleep, Brooklyn"
Intimate Strangers,Breyten Breytenbach,,,Vishal,"October 26, 2025",,English,8,,"Unnmaeable Books, Brooklyn"
To Light Out,Karein Weiser,,,Vishal,"October 26, 2025",,English,1,,"Unnmaeable Books, Brooklyn"
Reflections,Walter Benjamin,,,Vishal,"October 26, 2025",,English,10,,"Unnmaeable Books, Brooklyn"
And Their Children After Them,Nicolas Mathieu,,,Vishal,"November 1, 2025",,French,,Gift from Camille,
Aragon,Aragon,,,Diana,"November 1, 2025",,French,,Gift from Camille,
The Flowers of Evil,Charles Baduelaire,,,Diana,"November 9, 2025",,French,12,,"Sellers & Newel, Toronto"
The Poems in Prose: 2,Charles Baduelaire,,,Diana,"November 9, 2025",,French,13,,"Sellers & Newel, Toronto"
"Your Face Tomorrow: Poison, Shadow and Farewell",Javier Marías,checked,5,Taimour,"November 19, 2025",,Spanish,12,Penguin Edition,"Daunt Books, Marlyebone, London"
The Line Of Beauty,Alan Hollinghurst,,,Taimour,"November 26, 2025",,English,13,Signed,"Balham Library, London"
Our Evenings,Alan Hollinghurst,,,Taimour,"November 26, 2025",,English,13,Signed,"Balham Library, London"
10 Great Spanish Stories: Parallel Texts,,,,Vishal,"November 8, 2025",,Spanish,10,,"Seeker's Books, Toronto"